{"10": {"0.8": 0.988496588799999, "0.666667": -0.5283916747108374, "-0.866667": 0.4888397266279047, "-0.333333": 0.9672136700028785, "0.0": -1.0, "0.2": 0.4284556287999975, "0.4": 0.5623462912000028, "-0.909632": -0.41541501300188777, "0.989821": 0.14231483827328217, "-0.066667": -0.7855811844192302, "0.933333": -0.8625604941911097, "-0.75575": 0.6548607339452834, "0.466667": -0.1423074903288556, "0.266667": 0.9037847207944034, "0.75575": 0.654860733945285, "0.333333": 0.9672136700028797, "-0.266667": 0.9037847207944054, "-0.933333": -0.8625604941911161, "0.733333": 0.3691907814477553, "0.281733": 0.9594929736144977, "-0.281733": 0.9594929736144973, "-0.540641": -0.8412535328311818, "-1.0": 1.0, "0.866667": 0.4888397266279129, "-0.6": -0.9884965888000001, "-0.133333": -0.23136491625783137, "-0.2": 0.42845562880000176, "0.066667": -0.785581184419233, "0.540641": -0.8412535328311818, "0.6": -0.9884965888000007, "-0.989821": 0.14231483827328217, "-0.8": 0.9884965888000001, "-0.533333": -0.7913251983449142, "0.909632": -0.41541501300188777, "-0.733333": 0.3691907814477612, "-0.4": 0.5623462911999987, "-0.466667": -0.14230749032886048, "-0.666667": -0.5283916747108324, "0.133333": -0.23136491625783573, "0.533333": -0.7913251983449111}, "2": {"0.0": -1.0, "-0.75575": 0.14231483827328484, "-0.533333": -0.43111111111111089, "-0.266667": -0.85777777777777764, "0.466667": -0.56444444444444497, "0.733333": 0.075555555555554488, "0.133333": -0.96444444444444455, "-0.540641": -0.41541501300188621, "-0.4": -0.67999999999999972, "-0.281733": -0.84125353283118121, "-0.8": 0.28000000000000025, "0.666667": -0.11111111111111205, "0.066667": -0.99111111111111116, "0.266667": -0.85777777777777808, "-0.989821": 0.95949297361449726, "0.933333": 0.74222222222222056, "-0.6": -0.2799999999999998, "0.866667": 0.50222222222222079, "-0.909632": 0.65486073394528521, "0.333333": -0.77777777777777812, "-0.2": -0.91999999999999982, "-0.333333": -0.77777777777777757, "0.909632": 0.65486073394528521, "-0.866667": 0.50222222222222235, "0.6": -0.2800000000000008, "0.4": -0.68000000000000049, "-0.933333": 0.74222222222222234, "0.989821": 0.95949297361449726, "-0.066667": -0.99111111111111105, "-0.666667": -0.11111111111111094, "0.281733": -0.84125353283118109, "0.2": -0.92000000000000015, "0.8": 0.27999999999999869, "0.540641": -0.41541501300188621, "-0.133333": -0.96444444444444433, "-0.733333": 0.07555555555555582, "-0.466667": -0.5644444444444443, "0.75575": 0.14231483827328506, "0.533333": -0.43111111111111189, "-1.0": 1.0}, "3": {"0.0": -1.8369701987210297e-16, "-0.75575": 0.54064081745559789, "-0.533333": 0.99318518518518517, "-0.266667": 0.72414814814814854, "0.466667": -0.9934814814814813, "0.733333": -0.6225185185185198, "0.133333": -0.39051851851851782, "-0.540641": 0.98982144188093268, "-0.4": 0.94400000000000006, "-0.281733": 0.75574957435425816, "-0.8": 0.35199999999999965, "0.666667": -0.81481481481481555, "0.066667": -0.19881481481481411, "0.266667": -0.72414814814814754, "-0.989821": -0.90963199535451811, "0.933333": 0.45214814814814486, "-0.6": 0.93599999999999994, "0.866667": 0.0038518518518493305, "-0.909632": -0.28173255684142995, "0.333333": -0.8518518518518513, "-0.2": 0.5680000000000005, "-0.333333": 0.85185185185185208, "0.909632": 0.28173255684142995, "-0.866667": -0.0038518518518521061, "0.6": -0.93600000000000039, "0.4": -0.94399999999999962, "-0.933333": -0.45214814814814841, "0.989821": 0.90963199535451811, "-0.066667": 0.19881481481481542, "-0.666667": 0.81481481481481466, "0.281733": -0.75574957435425849, "0.2": -0.56799999999999928, "0.8": -0.35200000000000192, "0.540641": -0.98982144188093268, "-0.133333": 0.39051851851851904, "-0.733333": 0.62251851851851814, "-0.466667": 0.99348148148148163, "0.75575": -0.54064081745559767, "0.533333": -0.99318518518518539, "-1.0": -1.0}, "4": {"0.0": 1.0, "-0.75575": -0.95949297361449737, "-0.533333": -0.62828641975308674, "-0.266667": 0.47156543209876484, "0.466667": -0.36280493827160365, "0.733333": -0.98858271604938308, "0.133333": 0.86030617283950661, "-0.540641": -0.65486073394528532, "-0.4": -0.0752000000000006, "-0.281733": 0.41541501300188655, "-0.8": -0.84319999999999973, "0.666667": -0.97530864197530809, "0.066667": 0.96460246913580272, "0.266667": 0.47156543209876645, "-0.989821": 0.84125353283118076, "0.933333": 0.1017876543209828, "-0.6": -0.84320000000000039, "0.866667": -0.49554567901234864, "-0.909632": -0.14231483827328484, "0.333333": 0.20987654320987781, "-0.2": 0.69279999999999942, "-0.333333": 0.20987654320987592, "0.909632": -0.14231483827328484, "-0.866667": -0.49554567901234536, "0.6": -0.84319999999999895, "0.4": -0.075199999999998601, "-0.933333": 0.10178765432098802, "0.989821": 0.84125353283118076, "-0.066667": 0.96460246913580228, "-0.666667": -0.97530864197530875, "0.281733": 0.4154150130018861, "0.2": 0.69280000000000075, "0.8": -0.8432000000000015, "0.540641": -0.65486073394528532, "-0.133333": 0.86030617283950572, "-0.733333": -0.98858271604938253, "-0.466667": -0.36280493827160543, "0.75575": -0.95949297361449737, "0.533333": -0.62828641975308508, "-1.0": 1.0}, "5": {"0.0": 3.0616169978683826e-16, "-0.75575": 0.90963199535451777, "-0.533333": -0.32301300411522582, "-0.266667": -0.97564971193415662, "0.466667": 0.65486353909465145, "0.733333": -0.82740279835390806, "0.133333": 0.61993349794238584, "-0.540641": -0.28173255684142928, "-0.4": -0.88383999999999951, "-0.281733": -0.98982144188093268, "-0.8": 0.99712000000000001, "0.666667": -0.48559670781892783, "0.066667": 0.32742847736625402, "0.266667": 0.97564971193415606, "-0.989821": -0.7557495743542576, "0.933333": -0.26214452674897704, "-0.6": 0.075840000000000574, "0.866667": -0.86279769547325325, "-0.909632": 0.54064081745559722, "0.333333": 0.99176954732510303, "-0.2": -0.84512000000000054, "-0.333333": -0.9917695473251027, "0.909632": -0.54064081745559722, "-0.866667": 0.8627976954732508, "0.6": -0.075839999999997687, "0.4": 0.88384000000000074, "-0.933333": 0.26214452674897076, "0.989821": 0.7557495743542576, "-0.066667": -0.32742847736625613, "-0.666667": 0.4855967078189305, "0.281733": 0.9898214418809328, "0.2": 0.84511999999999921, "0.8": -0.99711999999999978, "0.540641": 0.28173255684142928, "-0.133333": -0.61993349794238761, "-0.733333": 0.82740279835390973, "-0.466667": -0.65486353909464978, "0.75575": -0.90963199535451822, "0.533333": 0.32301300411522837, "-1.0": -1.0}, "6": {"0.0": -1.0, "-0.75575": -0.41541501300188532, "-0.533333": 0.97283362414266095, "-0.266667": 0.048781080932785714, "0.466667": 0.97401090809327795, "0.733333": -0.22494138820301479, "0.133333": -0.69499057338820402, "-0.540641": 0.95949297361449726, "-0.4": 0.78227200000000041, "-0.281733": 0.14231483827328495, "-0.8": -0.75219200000000042, "0.666667": 0.32784636488340468, "0.066667": -0.92094533882030238, "0.266667": 0.048781080932782883, "-0.989821": 0.6548607339452841, "0.933333": -0.59112410425240636, "-0.6": 0.75219199999999975, "0.866667": -0.99997032647462292, "-0.909632": -0.84125353283118087, "0.333333": 0.45130315500685692, "-0.2": -0.3547519999999989, "-0.333333": 0.45130315500685947, "0.909632": -0.84125353283118087, "-0.866667": -0.99997032647462269, "0.6": 0.75219200000000175, "0.4": 0.78227199999999864, "-0.933333": -0.59112410425240014, "0.989821": 0.6548607339452841, "-0.066667": -0.92094533882030127, "-0.666667": 0.32784636488340135, "0.281733": 0.14231483827328562, "0.2": -0.35475200000000151, "0.8": -0.75219199999999731, "0.540641": 0.95949297361449726, "-0.133333": -0.69499057338820214, "-0.733333": -0.22494138820301846, "-0.466667": 0.97401090809327873, "0.75575": -0.41541501300188621, "0.533333": 0.97283362414266183, "-1.0": 1.0}, "7": {"0.0": -4.2862637970157361e-16, "-0.75575": -0.28173255684143084, "-0.533333": -0.71467619497027945, "-0.266667": 0.94963313543667094, "0.466667": 0.25421330845907397, "0.733333": 0.49748876232281986, "0.133333": -0.80526431751257321, "-0.540641": -0.75574957435425882,